{
  "title": "82 Lottery",
  "latestIssueNumber": "20240813010491",
  "futureIssueNumber": "20240813010492",
  "lotteryData": [
    {
      "issueNumber": "20240813010491",
      "number": "0",
      "colour": "red,violet",
      "premium": "83180"
    },
    {
      "issueNumber": "20240813010490",
      "number": "3",
      "colour": "green",
      "premium": "58343"
    },
    {
      "issueNumber": "20240813010489",
      "number": "7",
      "colour": "green",
      "premium": "67107"
    },
    {
      "issueNumber": "20240813010488",
      "number": "4",
      "colour": "red",
      "premium": "59974"
    },
    {
      "issueNumber": "20240813010487",
      "number": "3",
      "colour": "green",
      "premium": "48863"
    },
    {
      "issueNumber": "20240813010486",
      "number": "2",
      "colour": "red",
      "premium": "27652"
    },
    {
      "issueNumber": "20240813010485",
      "number": "3",
      "colour": "green",
      "premium": "62613"
    },
    {
      "issueNumber": "20240813010484",
      "number": "3",
      "colour": "green",
      "premium": "42053"
    },
    {
      "issueNumber": "20240813010483",
      "number": "6",
      "colour": "red",
      "premium": "87886"
    },
    {
      "issueNumber": "20240813010482",
      "number": "9",
      "colour": "green",
      "premium": "97399"
    }
  ],
  "endTag82": "82 Lottery End",
  "okwinTitle": "OKWIN",
  "latestIssueNumberOKWIN": null,
  "futureIssueNumberOKWIN": null,
  "okwinData": [],
  "endTagOKWIN": "OKWIN End",
  "bigDaddyTitle": "Big Daddy",
  "latestIssueNumberBigDaddy": "20240813010491",
  "futureIssueNumberBigDaddy": "20240813010492",
  "bigDaddyData": [
    {
      "issueNumber": "20240813010491",
      "number": "0",
      "colour": "red,violet",
      "premium": "83180"
    },
    {
      "issueNumber": "20240813010490",
      "number": "3",
      "colour": "green",
      "premium": "58343"
    },
    {
      "issueNumber": "20240813010489",
      "number": "7",
      "colour": "green",
      "premium": "67107"
    },
    {
      "issueNumber": "20240813010488",
      "number": "4",
      "colour": "red",
      "premium": "59974"
    },
    {
      "issueNumber": "20240813010487",
      "number": "3",
      "colour": "green",
      "premium": "48863"
    },
    {
      "issueNumber": "20240813010486",
      "number": "2",
      "colour": "red",
      "premium": "27652"
    },
    {
      "issueNumber": "20240813010485",
      "number": "3",
      "colour": "green",
      "premium": "62613"
    },
    {
      "issueNumber": "20240813010484",
      "number": "3",
      "colour": "green",
      "premium": "42053"
    },
    {
      "issueNumber": "20240813010483",
      "number": "6",
      "colour": "red",
      "premium": "87886"
    },
    {
      "issueNumber": "20240813010482",
      "number": "9",
      "colour": "green",
      "premium": "97399"
    }
  ],
  "endTagBigDaddy": "Big Daddy End"
}